Const,Your Rating,Date Rated,Title,URL,Title Type,IMDb Rating,Runtime (mins),Year,Genres,Num Votes,Release Date,Directors
tt0100802,7,2019-11-16,Total Recall,https://www.imdb.com/title/tt0100802/,movie,7.5,113,1990,"Action, Sci-Fi, Thriller",302322,1990-05-31,Paul Verhoeven
tt0101213,10,2021-01-09,Sunes jul,https://www.imdb.com/title/tt0101213/,tvSeries,8.0,25,1991,"Family, Comedy",1806,1991-12-01,
tt10183816,6,2020-05-02,Dangerous Lies,https://www.imdb.com/title/tt10183816/,movie,5.3,96,2020,"Drama, Mystery, Thriller",13815,2020-04-30,Michael M. Scott
tt1028532,8,2017-03-12,Hachi: A Dog's Tale,https://www.imdb.com/title/tt1028532/,movie,8.1,93,2009,"Biography, Drama, Family",253303,2009-06-13,Lasse Hallström
tt0102926,10,2016-10-13,The Silence of the Lambs,https://www.imdb.com/title/tt0102926/,movie,8.6,118,1991,"Crime, Drama, Thriller",1269134,1991-01-30,Jonathan Demme
tt0103064,10,2016-10-13,Terminator 2: Judgment Day,https://www.imdb.com/title/tt0103064/,movie,8.5,137,1991,"Action, Sci-Fi",994943,1991-07-01,James Cameron
tt0103644,6,2019-05-04,Alien³,https://www.imdb.com/title/tt0103644/,movie,6.5,114,1992,"Action, Horror, Sci-Fi",277780,1992-05-19,David Fincher
tt0104652,8,2021-01-09,Kurenai no buta,https://www.imdb.com/title/tt0104652/,movie,7.7,94,1992,"Animation, Adventure, Comedy, Fantasy, Romance",77692,1992-07-18,Hayao Miyazaki
tt1049413,7,2017-03-02,Up,https://www.imdb.com/title/tt1049413/,movie,8.2,96,2009,"Animation, Adventure, Comedy, Family",934923,2009-05-13,"Pete Docter, Bob Peterson"
tt0105236,8,2017-03-02,Reservoir Dogs,https://www.imdb.com/title/tt0105236/,movie,8.3,99,1992,"Crime, Drama, Thriller",917932,1992-01-21,Quentin Tarantino
tt0106158,10,2020-05-22,Tornado - en tittarstorm,https://www.imdb.com/title/tt0106158/,tvMiniSeries,7.0,300,1993,Comedy,279,1993-09-11,
tt0107048,8,2017-03-02,Groundhog Day,https://www.imdb.com/title/tt0107048/,movie,8.0,101,1993,"Comedy, Fantasy, Romance",577729,1993-02-04,Harold Ramis
tt0107290,8,2017-03-02,Jurassic Park,https://www.imdb.com/title/tt0107290/,movie,8.1,127,1993,"Action, Adventure, Sci-Fi, Thriller",867072,1993-06-09,Steven Spielberg
tt0108252,9,2016-12-24,Sunes sommar,https://www.imdb.com/title/tt0108252/,movie,7.0,83,1993,"Comedy, Family",4018,1993-12-25,Stephan Apelgren
tt0109830,8,2016-10-13,Forrest Gump,https://www.imdb.com/title/tt0109830/,movie,8.8,142,1994,"Drama, Romance",1807685,1994-06-23,Robert Zemeckis
tt0110357,9,2016-10-13,The Lion King,https://www.imdb.com/title/tt0110357/,movie,8.5,88,1994,"Animation, Adventure, Drama, Family, Musical",941358,1994-06-12,"Rob Minkoff, Roger Allers"
tt0110413,8,2017-03-02,Léon,https://www.imdb.com/title/tt0110413/,movie,8.5,110,1994,"Action, Crime, Drama, Thriller",1034439,1994-09-14,Luc Besson
tt0110912,9,2016-10-11,Pulp Fiction,https://www.imdb.com/title/tt0110912/,movie,8.9,154,1994,"Crime, Drama",1824919,1994-05-21,Quentin Tarantino
tt0111161,8,2015-12-27,The Shawshank Redemption,https://www.imdb.com/title/tt0111161/,movie,9.3,142,1994,Drama,2341237,1994-09-10,Frank Darabont
tt0112099,9,2021-01-09,NileCity 105.6,https://www.imdb.com/title/tt0112099/,tvMiniSeries,8.5,180,1995,Comedy,3209,1995-01-18,
tt0112159,9,2019-07-13,Shin seiki evangerion,https://www.imdb.com/title/tt0112159/,tvSeries,8.5,24,1995,"Animation, Action, Drama, Fantasy, Sci-Fi, Thriller",50196,1995-10-04,
tt0112573,7,2017-03-02,Braveheart,https://www.imdb.com/title/tt0112573/,movie,8.3,178,1995,"Biography, Drama, History, War",958639,1995-05-18,Mel Gibson
tt1130884,8,2016-10-16,Shutter Island,https://www.imdb.com/title/tt1130884/,movie,8.2,138,2010,"Mystery, Thriller",1128819,2010-02-13,Martin Scorsese
tt0113277,8,2017-03-02,Heat,https://www.imdb.com/title/tt0113277/,movie,8.2,170,1995,"Crime, Drama, Thriller",576587,1995-12-06,Michael Mann
tt0114369,9,2016-10-13,Se7en,https://www.imdb.com/title/tt0114369/,movie,8.6,127,1995,"Crime, Drama, Mystery, Thriller",1443868,1995-09-15,David Fincher
tt0114709,10,2016-10-16,Toy Story,https://www.imdb.com/title/tt0114709/,movie,8.3,81,1995,"Animation, Adventure, Comedy, Family, Fantasy",886864,1995-11-19,John Lasseter
tt0114746,10,2017-03-02,Twelve Monkeys,https://www.imdb.com/title/tt0114746/,movie,8.0,129,1995,"Mystery, Sci-Fi, Thriller",578097,1995-12-08,Terry Gilliam
tt0114814,10,2016-10-13,The Usual Suspects,https://www.imdb.com/title/tt0114814/,movie,8.5,106,1995,"Crime, Mystery, Thriller",990526,1995-01-25,Bryan Singer
tt11622272,8,2021-01-07,Spring Uje spring,https://www.imdb.com/title/tt11622272/,movie,6.8,78,2020,"Comedy, Drama, Music",147,2020-01-26,Henrik Schyffert
tt0116282,9,2017-03-02,Fargo,https://www.imdb.com/title/tt0116282/,movie,8.1,98,1996,"Crime, Drama, Thriller",616996,1996-03-08,"Joel Coen, Ethan Coen"
tt1170358,1,2016-10-11,The Hobbit: The Desolation of Smaug,https://www.imdb.com/title/tt1170358/,movie,7.8,161,2013,"Adventure, Fantasy",601047,2013-12-02,Peter Jackson
tt0117571,5,2019-11-09,Scream,https://www.imdb.com/title/tt0117571/,movie,7.3,111,1996,"Horror, Mystery",287609,1996-12-18,Wes Craven
tt1182345,9,2016-10-11,Moon,https://www.imdb.com/title/tt1182345/,movie,7.9,97,2009,"Drama, Mystery, Sci-Fi",335012,2009-01-23,Duncan Jones
tt0118583,7,2019-05-08,Alien: Resurrection,https://www.imdb.com/title/tt0118583/,movie,6.2,109,1997,"Action, Horror, Sci-Fi",229062,1997-11-06,Jean-Pierre Jeunet
tt0118715,10,2021-01-09,The Big Lebowski,https://www.imdb.com/title/tt0118715/,movie,8.1,117,1998,"Comedy, Crime, Sport",732176,1998-01-18,"Joel Coen, Ethan Coen"
tt0118799,10,2016-12-12,La vita è bella,https://www.imdb.com/title/tt0118799/,movie,8.6,116,1997,"Comedy, Drama, Romance, War",623124,1997-12-20,Roberto Benigni
tt0118929,8,2020-01-05,Dark City,https://www.imdb.com/title/tt0118929/,movie,7.6,100,1998,"Mystery, Sci-Fi, Thriller",187841,1998-02-25,Alex Proyas
tt0119217,9,2019-07-19,Good Will Hunting,https://www.imdb.com/title/tt0119217/,movie,8.3,126,1997,"Drama, Romance",860880,1997-12-02,Gus Van Sant
tt0119488,9,2020-01-10,L.A. Confidential,https://www.imdb.com/title/tt0119488/,movie,8.2,138,1997,"Crime, Drama, Mystery, Thriller",531618,1997-05-14,Curtis Hanson
tt0119698,10,2017-03-02,Mononoke-hime,https://www.imdb.com/title/tt0119698/,movie,8.4,134,1997,"Animation, Action, Adventure, Fantasy",342823,1997-07-12,Hayao Miyazaki
tt1197624,5,2018-10-14,Law Abiding Citizen,https://www.imdb.com/title/tt1197624/,movie,7.4,109,2009,"Action, Crime, Drama, Thriller",271490,2009-09-23,F. Gary Gray
tt0120338,8,2021-01-09,Titanic,https://www.imdb.com/title/tt0120338/,movie,7.8,194,1997,"Drama, Romance",1045312,1997-11-01,James Cameron
tt0120382,8,2017-03-02,The Truman Show,https://www.imdb.com/title/tt0120382/,movie,8.1,103,1998,"Comedy, Drama",938792,1998-06-01,Peter Weir
tt0120586,8,2016-10-13,American History X,https://www.imdb.com/title/tt0120586/,movie,8.5,119,1998,Drama,1034101,1998-07-01,Tony Kaye
tt0120689,9,2016-10-13,The Green Mile,https://www.imdb.com/title/tt0120689/,movie,8.6,189,1999,"Crime, Drama, Fantasy, Mystery",1146795,1999-12-06,Frank Darabont
tt0120737,9,2016-10-11,The Lord of the Rings: The Fellowship of the Ring,https://www.imdb.com/title/tt0120737/,movie,8.8,178,2001,"Action, Adventure, Drama, Fantasy",1660289,2001-12-10,Peter Jackson
tt1211837,5,2016-11-28,Doctor Strange,https://www.imdb.com/title/tt1211837/,movie,7.5,115,2016,"Action, Adventure, Fantasy, Sci-Fi",597832,2016-10-13,Scott Derrickson
tt1212428,7,2018-02-14,The Lost City of Z,https://www.imdb.com/title/tt1212428/,movie,6.6,141,2016,"Adventure, Biography, Drama",79590,2016-10-15,James Gray
tt0121955,10,2017-03-02,South Park,https://www.imdb.com/title/tt0121955/,tvSeries,8.7,22,1997,"Animation, Comedy",330669,1997-08-13,
tt1234548,7,2019-02-16,The Men Who Stare at Goats,https://www.imdb.com/title/tt1234548/,movie,6.2,94,2009,"Comedy, War",126920,2009-09-08,Grant Heslov
tt1279972,10,2019-01-10,Treme,https://www.imdb.com/title/tt1279972/,tvSeries,8.2,59,2010,"Drama, Music",13459,2010-04-11,
tt1323594,8,2019-03-27,Despicable Me,https://www.imdb.com/title/tt1323594/,movie,7.6,95,2010,"Animation, Comedy, Crime, Family, Fantasy",500609,2010-06-20,"Chris Renaud, Pierre Coffin"
tt0133093,8,2016-10-13,The Matrix,https://www.imdb.com/title/tt0133093/,movie,8.7,136,1999,"Action, Sci-Fi",1675192,1999-03-24,"Lilly Wachowski, Lana Wachowski"
tt0134119,8,2019-07-27,The Talented Mr. Ripley,https://www.imdb.com/title/tt0134119/,movie,7.4,139,1999,"Crime, Drama, Thriller",182123,1999-12-12,Anthony Minghella
tt1343727,9,2016-10-21,Dredd,https://www.imdb.com/title/tt1343727/,movie,7.1,95,2012,"Action, Crime, Sci-Fi",251929,2012-07-11,Pete Travis
tt1345836,6,2016-10-16,The Dark Knight Rises,https://www.imdb.com/title/tt1345836/,movie,8.4,164,2012,"Action, Adventure",1515411,2012-07-16,Christopher Nolan
tt1355631,6,2018-08-10,The Infiltrator,https://www.imdb.com/title/tt1355631/,movie,7.0,127,2016,"Biography, Crime, Drama, Thriller",68530,2016-07-06,Brad Furman
tt1355642,9,2018-07-03,Hagane no renkinjutsushi,https://www.imdb.com/title/tt1355642/,tvSeries,9.1,24,2009,"Animation, Action, Adventure, Comedy, Drama, Fantasy, Sci-Fi",118576,2009-04-05,
tt0137523,10,2016-10-11,Fight Club,https://www.imdb.com/title/tt0137523/,movie,8.8,139,1999,Drama,1853378,1999-09-10,David Fincher
tt1375666,9,2016-10-13,Inception,https://www.imdb.com/title/tt1375666/,movie,8.8,148,2010,"Action, Adventure, Sci-Fi, Thriller",2065427,2010-07-08,Christopher Nolan
tt1386588,8,2017-12-27,The Other Guys,https://www.imdb.com/title/tt1386588/,movie,6.6,107,2010,"Action, Comedy, Crime",242842,2010-08-02,Adam McKay
tt1392190,9,2016-10-21,Mad Max: Fury Road,https://www.imdb.com/title/tt1392190/,movie,8.1,120,2015,"Action, Adventure, Sci-Fi, Thriller",881578,2015-05-07,George Miller
tt0141842,10,2017-02-09,The Sopranos,https://www.imdb.com/title/tt0141842/,tvSeries,9.2,55,1999,"Crime, Drama",300027,1999-01-10,
tt1475582,7,2016-10-21,Sherlock,https://www.imdb.com/title/tt1475582/,tvSeries,9.1,88,2010,"Crime, Drama, Mystery, Thriller",803827,2010-07-22,
tt1517451,5,2019-04-27,A Star Is Born,https://www.imdb.com/title/tt1517451/,movie,7.6,136,2018,"Drama, Music, Romance",333911,2018-08-31,Bradley Cooper
tt1535002,8,2021-01-09,Between Two Ferns with Zach Galifianakis,https://www.imdb.com/title/tt1535002/,tvSeries,8.4,4,2008,"Short, Comedy, Talk-Show",7402,2008-01-04,
tt1542768,6,2017-10-03,True Memoirs of an International Assassin,https://www.imdb.com/title/tt1542768/,movie,5.9,98,2016,"Action, Comedy, Crime",20370,2016-11-11,Jeff Wadlow
tt0163978,7,2021-01-09,The Beach,https://www.imdb.com/title/tt0163978/,movie,6.7,119,2000,"Adventure, Drama, Romance, Thriller",223054,2000-02-02,Danny Boyle
tt1663202,8,2021-01-09,The Revenant,https://www.imdb.com/title/tt1663202/,movie,8.0,156,2015,"Action, Adventure, Drama, History, Western",704942,2015-12-16,Alejandro G. Iñárritu
tt1670345,6,2016-12-17,Now You See Me,https://www.imdb.com/title/tt1670345/,movie,7.3,115,2013,"Crime, Mystery, Thriller",596172,2013-05-21,Louis Leterrier
tt0167190,7,2020-02-15,Hellboy,https://www.imdb.com/title/tt0167190/,movie,6.8,122,2004,"Action, Fantasy, Horror",306158,2004-03-30,Guillermo del Toro
tt0167260,8,2016-10-11,The Lord of the Rings: The Return of the King,https://www.imdb.com/title/tt0167260/,movie,8.9,201,2003,"Action, Adventure, Drama, Fantasy",1641698,2003-12-01,Peter Jackson
tt0167261,7,2016-10-13,The Lord of the Rings: The Two Towers,https://www.imdb.com/title/tt0167261/,movie,8.7,179,2002,"Action, Adventure, Drama, Fantasy",1484552,2002-12-05,Peter Jackson
tt0167404,9,2017-03-02,The Sixth Sense,https://www.imdb.com/title/tt0167404/,movie,8.1,107,1999,"Drama, Mystery, Thriller",911117,1999-08-02,M. Night Shyamalan
tt1675434,9,2016-12-30,Intouchables,https://www.imdb.com/title/tt1675434/,movie,8.5,112,2011,"Biography, Comedy, Drama",759446,2011-09-23,"Olivier Nakache, Éric Toledano"
tt1690953,7,2019-03-30,Despicable Me 2,https://www.imdb.com/title/tt1690953/,movie,7.3,98,2013,"Animation, Adventure, Comedy, Crime, Family, Fantasy, Sci-Fi",369658,2013-06-16,"Chris Renaud, Pierre Coffin"
tt0169547,9,2017-03-02,American Beauty,https://www.imdb.com/title/tt0169547/,movie,8.3,122,1999,Drama,1069109,1999-09-08,Sam Mendes
tt0169858,9,2019-07-13,"Shin seiki Evangelion Gekijô-ban: Air/Magokoro wo, kimi ni",https://www.imdb.com/title/tt0169858/,movie,8.1,87,1997,"Animation, Action, Drama, Fantasy, Sci-Fi",38769,1997-07-19,"Kazuya Tsurumaki, Hideaki Anno"
tt0172495,10,2016-10-13,Gladiator,https://www.imdb.com/title/tt0172495/,movie,8.5,155,2000,"Action, Adventure, Drama",1340500,2000-05-01,Ridley Scott
tt0180093,7,2017-03-02,Requiem for a Dream,https://www.imdb.com/title/tt0180093/,movie,8.3,102,2000,Drama,766287,2000-05-14,Darren Aronofsky
tt0183869,7,2020-04-19,Taxi 2,https://www.imdb.com/title/tt0183869/,movie,6.5,88,2000,"Action, Comedy, Crime",51206,2000-03-25,Gérard Krawczyk
tt1853728,8,2017-03-02,Django Unchained,https://www.imdb.com/title/tt1853728/,movie,8.4,165,2012,"Drama, Western",1356536,2012-12-11,Quentin Tarantino
tt1856101,9,2019-05-12,Blade Runner 2049,https://www.imdb.com/title/tt1856101/,movie,8.0,164,2017,"Action, Drama, Mystery, Sci-Fi, Thriller",461194,2017-10-03,Denis Villeneuve
tt1880399,7,2018-05-18,Kodachrome,https://www.imdb.com/title/tt1880399/,movie,6.8,105,2017,Drama,11813,2017-09-08,Mark Raso
tt1950186,7,2020-01-19,Ford v Ferrari,https://www.imdb.com/title/tt1950186/,movie,8.1,152,2019,"Action, Biography, Drama, Sport",290319,2019-08-30,James Mangold
tt2057392,7,2018-06-29,Eye in the Sky,https://www.imdb.com/title/tt2057392/,movie,7.3,102,2015,"Action, Drama, Thriller, War",79483,2015-09-11,Gavin Hood
tt0208092,9,2017-03-02,Snatch,https://www.imdb.com/title/tt0208092/,movie,8.3,104,2000,"Comedy, Crime",781519,2000-08-23,Guy Ritchie
tt2084970,3,2017-03-02,The Imitation Game,https://www.imdb.com/title/tt2084970/,movie,8.0,114,2014,"Biography, Drama, Thriller, War",684680,2014-08-29,Morten Tyldum
tt0209144,10,2016-10-13,Memento,https://www.imdb.com/title/tt0209144/,movie,8.4,113,2000,"Mystery, Thriller",1124986,2000-09-05,Christopher Nolan
tt2119532,5,2016-11-22,Hacksaw Ridge,https://www.imdb.com/title/tt2119532/,movie,8.1,139,2016,"Biography, Drama, History, War",435402,2016-09-04,Mel Gibson
tt0213338,9,2018-07-03,Kaubôi bibappu,https://www.imdb.com/title/tt0213338/,tvSeries,8.9,24,1998,"Animation, Action, Adventure, Drama, Sci-Fi, Thriller",88950,1998-04-03,
tt0217505,8,2021-01-09,Gangs of New York,https://www.imdb.com/title/tt0217505/,movie,7.5,167,2002,"Crime, Drama",405567,2002-12-09,Martin Scorsese
tt2267998,8,2017-03-02,Gone Girl,https://www.imdb.com/title/tt2267998/,movie,8.1,149,2014,"Drama, Mystery, Thriller",858948,2014-09-26,David Fincher
tt2278388,8,2017-03-02,The Grand Budapest Hotel,https://www.imdb.com/title/tt2278388/,movie,8.1,99,2014,"Adventure, Comedy, Crime",707023,2014-02-06,Wes Anderson
tt2293640,6,2019-04-10,Minions,https://www.imdb.com/title/tt2293640/,movie,6.4,91,2015,"Animation, Adventure, Comedy, Family, Sci-Fi",212160,2015-06-11,"Pierre Coffin, Kyle Balda"
tt2310332,1,2016-10-11,The Hobbit: The Battle of the Five Armies,https://www.imdb.com/title/tt2310332/,movie,7.4,144,2014,"Adventure, Fantasy",474305,2014-12-01,Peter Jackson
tt2316411,8,2020-01-03,Enemy,https://www.imdb.com/title/tt2316411/,movie,6.9,91,2013,"Drama, Mystery, Thriller",168088,2013-09-08,Denis Villeneuve
tt2356777,9,2017-03-22,True Detective,https://www.imdb.com/title/tt2356777/,tvSeries,9.0,55,2014,"Crime, Drama, Mystery, Thriller",497500,2014-01-12,
tt2380307,7,2019-10-05,Coco,https://www.imdb.com/title/tt2380307/,movie,8.4,105,2017,"Animation, Adventure, Family, Fantasy, Music, Mystery",383270,2017-10-20,"Adrian Molina, Lee Unkrich"
tt0245429,10,2016-10-13,Sen to Chihiro no kamikakushi,https://www.imdb.com/title/tt0245429/,movie,8.6,125,2001,"Animation, Adventure, Family, Fantasy, Mystery",650620,2001-07-20,Hayao Miyazaki
tt0246578,9,2017-03-02,Donnie Darko,https://www.imdb.com/title/tt0246578/,movie,8.0,113,2001,"Drama, Mystery, Sci-Fi, Thriller",739676,2001-01-19,Richard Kelly
tt0247117,10,2021-01-09,Tanoshî Mûmin ikka,https://www.imdb.com/title/tt0247117/,tvSeries,8.3,23,1990,"Animation, Adventure, Comedy, Drama, Family, Fantasy, Thriller",3674,1990-04-12,
tt2481498,7,2019-05-18,"Extremely Wicked, Shockingly Evil and Vile",https://www.imdb.com/title/tt2481498/,movie,6.6,110,2019,"Biography, Crime, Drama, Thriller",78985,2019-01-26,Joe Berlinger
tt0248654,10,2018-09-24,Six Feet Under,https://www.imdb.com/title/tt0248654/,tvSeries,8.7,55,2001,"Comedy, Drama",120755,2001-06-03,
tt2488496,1,2015-12-27,Star Wars: Episode VII - The Force Awakens,https://www.imdb.com/title/tt2488496/,movie,7.9,138,2015,"Action, Adventure, Sci-Fi",860408,2015-12-14,J.J. Abrams
tt2492296,10,2019-03-17,Show Me a Hero,https://www.imdb.com/title/tt2492296/,tvMiniSeries,8.1,60,2015,"Drama, History",9577,2015-08-16,
tt0251439,8,2018-06-11,Trigun,https://www.imdb.com/title/tt0251439/,tvSeries,8.3,24,1998,"Animation, Action, Comedy, Drama, Sci-Fi",19243,1998-04-01,
tt2527336,1,2017-12-29,Star Wars: Episode VIII - The Last Jedi,https://www.imdb.com/title/tt2527336/,movie,7.0,152,2017,"Action, Adventure, Fantasy, Sci-Fi",564649,2017-12-09,Rian Johnson
tt2527338,6,2019-12-26,Star Wars: Episode IX - The Rise of Skywalker,https://www.imdb.com/title/tt2527338/,movie,6.6,141,2019,"Action, Adventure, Fantasy, Sci-Fi",373361,2019-12-16,J.J. Abrams
tt2543164,8,2016-12-30,Arrival,https://www.imdb.com/title/tt2543164/,movie,7.9,116,2016,"Drama, Sci-Fi",593587,2016-09-01,Denis Villeneuve
tt2543472,7,2018-04-28,Wonder,https://www.imdb.com/title/tt2543472/,movie,8.0,113,2017,"Drama, Family",141740,2017-11-14,Stephen Chbosky
tt2562232,8,2019-01-18,Birdman or (The Unexpected Virtue of Ignorance),https://www.imdb.com/title/tt2562232/,movie,7.7,119,2014,"Comedy, Drama",579900,2014-08-27,Alejandro G. Iñárritu
tt2582802,10,2016-01-25,Whiplash,https://www.imdb.com/title/tt2582802/,movie,8.5,106,2014,"Drama, Music",716734,2014-01-16,Damien Chazelle
tt2584384,10,2020-12-19,Jojo Rabbit,https://www.imdb.com/title/tt2584384/,movie,7.9,108,2019,"Comedy, Drama, War",296860,2019-09-08,Taika Waititi
tt0261456,7,2020-05-22,Åke från Åstol,https://www.imdb.com/title/tt0261456/,tvMovie,6.7,50,1998,"Comedy, Drama",140,1998-10-06,Knut Agnred
tt2614722,8,2018-02-02,Umrika,https://www.imdb.com/title/tt2614722/,movie,6.6,98,2015,"Comedy, Drama",1233,2015-01-24,Prashant Nair
tt0264464,8,2017-03-02,Catch Me If You Can,https://www.imdb.com/title/tt0264464/,movie,8.1,141,2002,"Biography, Crime, Drama",831695,2002-12-16,Steven Spielberg
tt0266543,8,2017-03-02,Finding Nemo,https://www.imdb.com/title/tt0266543/,movie,8.1,100,2003,"Animation, Adventure, Comedy, Family",949035,2003-05-18,"Andrew Stanton, Lee Unkrich"
tt0266697,8,2021-01-09,Kill Bill: Vol. 1,https://www.imdb.com/title/tt0266697/,movie,8.1,111,2003,"Action, Crime, Drama, Thriller",999933,2003-09-29,Quentin Tarantino
tt0268978,9,2021-01-09,A Beautiful Mind,https://www.imdb.com/title/tt0268978/,movie,8.2,135,2001,"Biography, Drama",848214,2001-12-13,Ron Howard
tt2704998,6,2019-01-09,Game Night,https://www.imdb.com/title/tt2704998/,movie,6.9,100,2018,"Action, Comedy, Crime, Thriller",206895,2018-02-15,"John Francis Daley, Jonathan Goldstein"
tt2707408,6,2017-09-15,Narcos,https://www.imdb.com/title/tt2707408/,tvSeries,8.8,49,2015,"Biography, Crime, Drama, Thriller",355483,2015-08-28,
tt2737304,7,2019-04-16,Bird Box,https://www.imdb.com/title/tt2737304/,movie,6.6,124,2018,"Horror, Sci-Fi",279214,2018-11-12,Susanne Bier
tt0027977,9,2021-01-08,Modern Times,https://www.imdb.com/title/tt0027977/,movie,8.5,87,1936,"Comedy, Drama, Family, Romance",217708,1936-02-05,Charles Chaplin
tt2872718,8,2016-10-11,Nightcrawler,https://www.imdb.com/title/tt2872718/,movie,7.9,117,2014,"Crime, Drama, Thriller",465516,2014-09-05,Dan Gilroy
tt2883512,8,2020-01-25,Chef,https://www.imdb.com/title/tt2883512/,movie,7.3,114,2014,"Adventure, Comedy, Drama",196464,2014-03-07,Jon Favreau
tt2911666,7,2020-02-21,John Wick,https://www.imdb.com/title/tt2911666/,movie,7.4,101,2014,"Action, Crime, Thriller",538320,2014-09-19,"David Leitch, Chad Stahelski"
tt2924588,10,2020-06-13,Stinsen brinner,https://www.imdb.com/title/tt2924588/,video,8.3,131,2008,Comedy,38,2008-04-16,Claes Eriksson
tt2935510,6,2019-12-29,Ad Astra,https://www.imdb.com/title/tt2935510/,movie,6.5,123,2019,"Adventure, Drama, Mystery, Sci-Fi, Thriller",198705,2019-08-29,James Gray
tt2948356,5,2017-03-02,Zootopia,https://www.imdb.com/title/tt2948356/,movie,8.0,108,2016,"Animation, Adventure, Comedy, Crime, Family, Mystery",433786,2016-02-11,"Rich Moore, Jared Bush, Byron Howard"
tt0306414,10,2017-02-09,The Wire,https://www.imdb.com/title/tt0306414/,tvSeries,9.3,59,2002,"Crime, Drama, Thriller",284074,2002-06-02,
tt3157466,1,2016-12-24,Sune i fjällen,https://www.imdb.com/title/tt3157466/,movie,3.9,91,2014,"Comedy, Family",766,2014-12-19,Gustaf Åkerblom
tt0316465,6,2018-11-17,Radio,https://www.imdb.com/title/tt0316465/,movie,6.9,109,2003,"Biography, Drama, Sport",38138,2003-10-24,Michael Tollin
tt0317248,10,2015-12-27,Cidade de Deus,https://www.imdb.com/title/tt0317248/,movie,8.6,130,2002,"Crime, Drama",698804,2002-05-18,"Kátia Lund, Fernando Meirelles"
tt0318871,8,2021-01-09,Kenpû Denki Berserk,https://www.imdb.com/title/tt0318871/,tvSeries,8.7,23,1997,"Animation, Action, Adventure, Fantasy, Horror",28686,1997-10-07,
tt0032138,8,2017-03-02,The Wizard of Oz,https://www.imdb.com/title/tt0032138/,movie,8.0,102,1939,"Adventure, Family, Fantasy, Musical",371263,1939-08-10,"Mervyn LeRoy, George Cukor, King Vidor, Norman Taurog, Victor Fleming, Richard Thorpe"
tt0325980,8,2017-03-02,Pirates of the Caribbean: The Curse of the Black Pearl,https://www.imdb.com/title/tt0325980/,movie,8.0,143,2003,"Action, Adventure, Fantasy",1014716,2003-06-28,Gore Verbinski
tt0333766,8,2018-10-03,Garden State,https://www.imdb.com/title/tt0333766/,movie,7.4,102,2004,"Comedy, Drama, Romance",206581,2004-01-16,Zach Braff
tt0338013,8,2017-03-02,Eternal Sunshine of the Spotless Mind,https://www.imdb.com/title/tt0338013/,movie,8.3,108,2004,"Drama, Romance, Sci-Fi",911134,2004-03-09,Michel Gondry
tt0338751,7,2021-01-09,The Aviator,https://www.imdb.com/title/tt0338751/,movie,7.5,170,2004,"Biography, Drama",334164,2004-12-14,Martin Scorsese
tt3397884,9,2017-09-04,Sicario,https://www.imdb.com/title/tt3397884/,movie,7.6,121,2015,"Action, Crime, Drama, Mystery, Thriller",370910,2015-05-19,Denis Villeneuve
tt0340855,8,2020-08-20,Monster,https://www.imdb.com/title/tt0340855/,movie,7.3,109,2003,"Biography, Crime, Drama, Thriller",136360,2003-11-16,Patty Jenkins
tt3416742,10,2019-05-26,What We Do in the Shadows,https://www.imdb.com/title/tt3416742/,movie,7.7,86,2014,"Comedy, Horror",157326,2014-01-19,"Jemaine Clement, Taika Waititi"
tt3460252,9,2021-01-09,The Hateful Eight,https://www.imdb.com/title/tt3460252/,movie,7.8,168,2015,"Crime, Drama, Mystery, Thriller, Western",516474,2015-12-07,Quentin Tarantino
tt3464902,9,2016-10-21,The Lobster,https://www.imdb.com/title/tt3464902/,movie,7.2,119,2015,"Comedy, Drama, Romance, Sci-Fi, Thriller",219316,2015-05-15,Yorgos Lanthimos
tt3469046,6,2019-04-10,Despicable Me 3,https://www.imdb.com/title/tt3469046/,movie,6.3,89,2017,"Animation, Adventure, Comedy, Family, Fantasy, Sci-Fi",113580,2017-06-14,"Eric Guillon, Pierre Coffin, Kyle Balda"
tt0347149,10,2021-01-09,Hauru no ugoku shiro,https://www.imdb.com/title/tt0347149/,movie,8.2,119,2004,"Animation, Adventure, Family, Fantasy",333470,2004-09-05,Hayao Miyazaki
tt0361748,7,2016-10-16,Inglourious Basterds,https://www.imdb.com/title/tt0361748/,movie,8.3,153,2009,"Adventure, Drama, War",1266745,2009-05-20,Quentin Tarantino
tt0364569,9,2017-03-02,Oldeuboi,https://www.imdb.com/title/tt0364569/,movie,8.4,120,2003,"Action, Drama, Mystery, Thriller",515001,2003-11-21,Chan-wook Park
tt3659388,1,2016-10-21,The Martian,https://www.imdb.com/title/tt3659388/,movie,8.0,144,2015,"Adventure, Drama, Sci-Fi",759581,2015-09-11,Ridley Scott
tt3672742,8,2016-12-26,Turbo Kid,https://www.imdb.com/title/tt3672742/,movie,6.7,93,2015,"Action, Adventure, Comedy, Horror, Sci-Fi",26297,2015-01-26,"François Simard, Anouk Whissell, Yoann-Karl Whissell"
tt0370263,6,2019-06-02,AVP: Alien vs. Predator,https://www.imdb.com/title/tt0370263/,movie,5.6,101,2004,"Action, Adventure, Horror, Sci-Fi, Thriller",184646,2004-08-12,Paul W.S. Anderson
tt0372784,8,2017-03-02,Batman Begins,https://www.imdb.com/title/tt0372784/,movie,8.2,140,2005,"Action, Adventure",1307531,2005-05-31,Christopher Nolan
tt3748528,5,2017-02-19,Rogue One,https://www.imdb.com/title/tt3748528/,movie,7.8,133,2016,"Action, Adventure, Sci-Fi",556146,2016-12-10,Gareth Edwards
tt0378194,9,2021-01-09,Kill Bill: Vol. 2,https://www.imdb.com/title/tt0378194/,movie,8.0,137,2004,"Action, Crime, Thriller",683483,2004-04-08,Quentin Tarantino
tt3783958,7,2017-02-01,La La Land,https://www.imdb.com/title/tt3783958/,movie,8.0,128,2016,"Comedy, Drama, Music, Musical, Romance",505350,2016-08-31,Damien Chazelle
tt3799694,8,2016-10-11,The Nice Guys,https://www.imdb.com/title/tt3799694/,movie,7.4,116,2016,"Action, Comedy, Crime, Thriller",279764,2016-05-10,Shane Black
tt0038650,10,2015-12-27,It's a Wonderful Life,https://www.imdb.com/title/tt0038650/,movie,8.6,130,1946,"Drama, Family, Fantasy",405429,1946-12-20,Frank Capra
tt3896198,3,2017-05-11,Guardians of the Galaxy Vol. 2,https://www.imdb.com/title/tt3896198/,movie,7.6,136,2017,"Action, Adventure, Comedy, Sci-Fi",569427,2017-04-10,James Gunn
tt0389790,8,2017-03-20,Bee Movie,https://www.imdb.com/title/tt0389790/,movie,6.1,91,2007,"Animation, Adventure, Comedy, Family",142369,2007-10-28,"Simon J. Smith, Steve Hickner"
tt0393109,8,2016-12-13,Brick,https://www.imdb.com/title/tt0393109/,movie,7.3,110,2005,"Action, Crime, Drama, Mystery, Thriller",100984,2005-01-31,Rian Johnson
tt0401792,9,2017-03-02,Sin City,https://www.imdb.com/title/tt0401792/,movie,8.0,124,2005,"Crime, Thriller",738355,2005-03-28,"Frank Miller, Quentin Tarantino, Robert Rodriguez"
tt0405094,9,2017-03-02,Das Leben der Anderen,https://www.imdb.com/title/tt0405094/,movie,8.4,137,2006,"Drama, Mystery, Thriller",358402,2006-03-15,Florian Henckel von Donnersmarck
tt0407887,8,2016-10-13,The Departed,https://www.imdb.com/title/tt0407887/,movie,8.5,151,2006,"Crime, Drama, Thriller",1188805,2006-09-26,Martin Scorsese
tt0409591,7,2019-06-23,Naruto,https://www.imdb.com/title/tt0409591/,tvSeries,8.3,24,2002,"Animation, Action, Adventure, Comedy, Fantasy",70033,2002-10-03,
tt0411008,7,2019-06-23,Lost,https://www.imdb.com/title/tt0411008/,tvSeries,8.3,44,2004,"Adventure, Drama, Fantasy, Mystery, Sci-Fi, Thriller",493966,2004-09-22,
tt0421357,7,2019-06-23,Hagane no renkinjutsushi,https://www.imdb.com/title/tt0421357/,tvSeries,8.5,24,2003,"Animation, Action, Adventure, Comedy, Drama, Fantasy, Sci-Fi",61909,2003-10-04,
tt0423731,8,2019-06-23,Samurai chanpurû,https://www.imdb.com/title/tt0423731/,tvSeries,8.5,24,2004,"Animation, Action, Adventure, Comedy, Drama, Thriller",40518,2004-05-19,
tt0434409,9,2021-01-09,V for Vendetta,https://www.imdb.com/title/tt0434409/,movie,8.2,132,2005,"Action, Drama, Sci-Fi, Thriller",1032188,2005-12-11,James McTeigue
tt0435761,8,2017-03-02,Toy Story 3,https://www.imdb.com/title/tt0435761/,movie,8.2,103,2010,"Animation, Adventure, Comedy, Family, Fantasy",756626,2010-06-12,Lee Unkrich
tt4425200,6,2020-03-28,John Wick: Chapter 2,https://www.imdb.com/title/tt4425200/,movie,7.5,122,2017,"Action, Crime, Thriller",366084,2017-01-30,Chad Stahelski
tt0443680,7,2016-12-15,The Assassination of Jesse James by the Coward Robert Ford,https://www.imdb.com/title/tt0443680/,movie,7.5,160,2007,"Biography, Crime, Drama, History, Western",169145,2007-09-02,Andrew Dominik
tt0450259,9,2021-01-09,Blood Diamond,https://www.imdb.com/title/tt0450259/,movie,8.0,143,2006,"Adventure, Drama, Thriller",499057,2006-12-06,Edward Zwick
tt0045152,8,2018-09-21,Singin' in the Rain,https://www.imdb.com/title/tt0045152/,movie,8.3,103,1952,"Comedy, Musical, Romance",218796,1952-03-27,"Gene Kelly, Stanley Donen"
tt0457430,10,2015-12-29,El laberinto del fauno,https://www.imdb.com/title/tt0457430/,movie,8.2,118,2006,"Drama, Fantasy, War",618310,2006-05-27,Guillermo del Toro
tt4574334,8,2017-02-17,Stranger Things,https://www.imdb.com/title/tt4574334/,tvSeries,8.7,51,2016,"Drama, Fantasy, Horror, Mystery, Sci-Fi, Thriller",815713,2016-07-11,
tt0468569,8,2015-12-27,The Dark Knight,https://www.imdb.com/title/tt0468569/,movie,9.0,152,2008,"Action, Crime, Drama, Thriller",2301651,2008-07-14,Christopher Nolan
tt0469494,9,2017-03-02,There Will Be Blood,https://www.imdb.com/title/tt0469494/,movie,8.2,158,2007,Drama,516871,2007-09-27,Paul Thomas Anderson
tt4698684,9,2019-02-16,Hunt for the Wilderpeople,https://www.imdb.com/title/tt4698684/,movie,7.9,101,2016,"Adventure, Comedy, Drama",111288,2016-01-22,Taika Waititi
tt0047396,9,2015-12-27,Rear Window,https://www.imdb.com/title/tt0047396/,movie,8.4,112,1954,"Mystery, Thriller",443768,1954-08-04,Alfred Hitchcock
tt0047478,9,2016-10-13,Shichinin no samurai,https://www.imdb.com/title/tt0047478/,movie,8.6,207,1954,"Action, Adventure, Drama",315517,1954-04-26,Akira Kurosawa
tt0475784,7,2017-03-05,Westworld,https://www.imdb.com/title/tt0475784/,tvSeries,8.7,62,2016,"Drama, Mystery, Sci-Fi",426175,2016-09-30,
tt0477080,6,2017-09-15,Unstoppable,https://www.imdb.com/title/tt0477080/,movie,6.8,98,2010,"Action, Thriller",184824,2010-10-26,Tony Scott
tt0477348,9,2017-03-02,No Country for Old Men,https://www.imdb.com/title/tt0477348/,movie,8.1,122,2007,"Crime, Drama, Thriller",856143,2007-05-19,"Joel Coen, Ethan Coen"
tt0047834,3,2017-05-17,Animal Farm,https://www.imdb.com/title/tt0047834/,movie,7.2,72,1954,"Animation, Drama",15511,1954-12-29,"John Halas, Joy Batchelor"
tt0482571,9,2016-10-13,The Prestige,https://www.imdb.com/title/tt0482571/,movie,8.5,130,2006,"Drama, Mystery, Sci-Fi, Thriller",1189283,2006-10-17,Christopher Nolan
tt4846340,7,2020-06-01,Hidden Figures,https://www.imdb.com/title/tt4846340/,movie,7.8,127,2016,"Biography, Drama, History",200669,2016-12-01,Theodore Melfi
tt4936176,7,2016-10-16,Mascots,https://www.imdb.com/title/tt4936176/,movie,5.7,89,2016,Comedy,6727,2016-09-10,Christopher Guest
tt4998350,9,2019-12-21,The Deuce,https://www.imdb.com/title/tt4998350/,tvSeries,8.1,60,2017,Drama,24770,2017-08-25,
tt0050083,10,2015-12-27,12 Angry Men,https://www.imdb.com/title/tt0050083/,movie,9.0,96,1957,"Crime, Drama",689239,1957-04-10,Sidney Lumet
tt5013056,7,2019-12-20,Dunkirk,https://www.imdb.com/title/tt5013056/,movie,7.8,106,2017,"Action, Drama, History, Thriller, War",554527,2017-07-13,Christopher Nolan
tt5074352,8,2021-01-28,Dangal,https://www.imdb.com/title/tt5074352/,movie,8.4,161,2016,"Action, Biography, Drama, Sport",156256,2016-12-21,Nitesh Tiwari
tt0050976,10,2017-10-03,Det sjunde inseglet,https://www.imdb.com/title/tt0050976/,movie,8.2,96,1957,"Drama, Fantasy, History, Thriller",164771,1957-02-16,Ingmar Bergman
tt5164214,5,2018-12-02,Ocean's Eight,https://www.imdb.com/title/tt5164214/,movie,7.0,110,2018,"Action, Comedy, Crime, Thriller",187279,2018-06-05,Gary Ross
tt0052357,9,2016-10-16,Vertigo,https://www.imdb.com/title/tt0052357/,movie,8.3,128,1958,"Mystery, Romance, Thriller",364107,1958-05-09,Alfred Hitchcock
tt0053125,9,2019-04-14,North by Northwest,https://www.imdb.com/title/tt0053125/,movie,8.3,136,1959,"Adventure, Mystery, Thriller",298991,1959-07-01,Alfred Hitchcock
tt0054215,9,2016-10-13,Psycho,https://www.imdb.com/title/tt0054215/,movie,8.5,109,1960,"Horror, Mystery, Thriller",603830,1960-06-16,Alfred Hitchcock
tt5536736,8,2017-10-15,The Meyerowitz Stories (New and Selected),https://www.imdb.com/title/tt5536736/,movie,6.9,112,2017,"Comedy, Drama",42666,2017-05-21,Noah Baumbach
tt0057012,8,2017-03-02,Dr. Strangelove or: How I Learned to Stop Worrying and Love the Bomb,https://www.imdb.com/title/tt0057012/,movie,8.4,95,1964,Comedy,450199,1964-01-29,Stanley Kubrick
tt5727208,8,2020-03-21,Uncut Gems,https://www.imdb.com/title/tt5727208/,movie,7.4,135,2019,"Crime, Drama, Thriller",219891,2019-08-30,"Josh Safdie, Benny Safdie"
tt0060196,8,2016-10-11,"Il buono, il brutto, il cattivo",https://www.imdb.com/title/tt0060196/,movie,8.8,161,1966,Western,687896,1966-12-23,Sergio Leone
tt0062622,9,2017-03-02,2001: A Space Odyssey,https://www.imdb.com/title/tt0062622/,movie,8.3,149,1968,"Adventure, Sci-Fi",603136,1968-04-02,Stanley Kubrick
tt0063350,8,2019-06-20,Night of the Living Dead,https://www.imdb.com/title/tt0063350/,movie,7.9,96,1968,"Horror, Thriller",116490,1968-10-01,George A. Romero
tt0063415,8,2020-03-14,The Party,https://www.imdb.com/title/tt0063415/,movie,7.5,99,1968,Comedy,38051,1968-04-04,Blake Edwards
tt6412452,8,2018-12-06,The Ballad of Buster Scruggs,https://www.imdb.com/title/tt6412452/,movie,7.3,133,2018,"Comedy, Drama, Musical, Mystery, Romance, Western",122393,2018-08-31,"Joel Coen, Ethan Coen"
tt6450804,5,2020-04-10,Terminator: Dark Fate,https://www.imdb.com/title/tt6450804/,movie,6.2,128,2019,"Action, Adventure, Sci-Fi",149357,2019-10-23,Tim Miller
tt0066921,8,2017-03-02,A Clockwork Orange,https://www.imdb.com/title/tt0066921/,movie,8.3,136,1971,"Crime, Drama, Sci-Fi",757427,1971-12-19,Stanley Kubrick
tt0067116,8,2021-01-09,The French Connection,https://www.imdb.com/title/tt0067116/,movie,7.7,104,1971,"Action, Crime, Drama, Thriller",109953,1971-10-07,William Friedkin
tt6751668,8,2020-03-21,Gisaengchung,https://www.imdb.com/title/tt6751668/,movie,8.6,132,2019,"Comedy, Drama, Thriller",550436,2019-05-21,Bong Joon Ho
tt0068646,9,2015-12-27,The Godfather,https://www.imdb.com/title/tt0068646/,movie,9.2,175,1972,"Crime, Drama",1619085,1972-03-14,Francis Ford Coppola
tt6911608,6,2018-08-15,Mamma Mia! Here We Go Again,https://www.imdb.com/title/tt6911608/,movie,6.6,114,2018,"Comedy, Musical, Romance",80230,2018-07-11,Ol Parker
tt0069704,9,2020-02-14,American Graffiti,https://www.imdb.com/title/tt0069704/,movie,7.4,110,1973,"Comedy, Drama",81753,1973-08-01,George Lucas
tt7040874,4,2020-07-04,A Simple Favor,https://www.imdb.com/title/tt7040874/,movie,6.8,117,2018,"Comedy, Crime, Mystery, Thriller",129156,2018-09-10,Paul Feig
tt0070735,8,2021-01-16,The Sting,https://www.imdb.com/title/tt0070735/,movie,8.3,129,1973,"Comedy, Crime, Drama",241373,1973-12-25,George Roy Hill
tt0070948,9,2017-07-31,Zardoz,https://www.imdb.com/title/tt0070948/,movie,5.9,105,1974,"Adventure, Fantasy, Sci-Fi",19667,1974-02-06,John Boorman
tt0071315,10,2016-12-09,Chinatown,https://www.imdb.com/title/tt0071315/,movie,8.1,130,1974,"Drama, Mystery, Thriller",293993,1974-06-20,Roman Polanski
tt7131622,9,2021-01-09,Once Upon a Time... in Hollywood,https://www.imdb.com/title/tt7131622/,movie,7.6,161,2019,"Comedy, Drama",549979,2019-05-21,Quentin Tarantino
tt0071360,8,2016-12-12,The Conversation,https://www.imdb.com/title/tt0071360/,movie,7.8,113,1974,"Drama, Mystery, Thriller",98464,1974-04-07,Francis Ford Coppola
tt0071562,8,2015-12-27,The Godfather: Part II,https://www.imdb.com/title/tt0071562/,movie,9.0,202,1974,"Crime, Drama",1129115,1974-12-12,Francis Ford Coppola
tt0071853,9,2021-01-09,Monty Python and the Holy Grail,https://www.imdb.com/title/tt0071853/,movie,8.2,91,1975,"Adventure, Comedy, Fantasy",500618,1975-03-14,"Terry Jones, Terry Gilliam"
tt7286456,7,2019-12-29,Joker,https://www.imdb.com/title/tt7286456/,movie,8.5,122,2019,"Crime, Drama, Thriller",937282,2019-08-31,Todd Phillips
tt7286916,8,2019-03-27,The Dawn Wall,https://www.imdb.com/title/tt7286916/,movie,8.1,100,2017,"Documentary, Biography, Sport",14908,2017-11-18,"Josh Lowell, Peter Mortimer"
tt0073486,10,2016-10-13,One Flew Over the Cuckoo's Nest,https://www.imdb.com/title/tt0073486/,movie,8.7,133,1975,Drama,917425,1975-11-19,Milos Forman
tt7493974,6,2019-01-17,Bodyguard,https://www.imdb.com/title/tt7493974/,tvSeries,8.1,60,2018,"Crime, Drama, Thriller",93317,2018-08-26,
tt0075148,9,2017-03-02,Rocky,https://www.imdb.com/title/tt0075148/,movie,8.1,120,1976,"Drama, Sport",518189,1976-11-20,John G. Avildsen
tt0075314,9,2017-03-02,Taxi Driver,https://www.imdb.com/title/tt0075314/,movie,8.3,114,1976,"Crime, Drama",723992,1976-02-08,Martin Scorsese
tt0075686,7,2017-03-02,Annie Hall,https://www.imdb.com/title/tt0075686/,movie,8.0,93,1977,"Comedy, Romance",251717,1977-03-27,Woody Allen
tt0758758,10,2016-10-18,Into the Wild,https://www.imdb.com/title/tt0758758/,movie,8.1,148,2007,"Adventure, Biography, Drama",572507,2007-09-01,Sean Penn
tt0765429,7,2019-08-24,American Gangster,https://www.imdb.com/title/tt0765429/,movie,7.8,157,2007,"Biography, Crime, Drama, Thriller",392152,2007-10-19,Ridley Scott
tt0076752,8,2019-06-09,The Spy Who Loved Me,https://www.imdb.com/title/tt0076752/,movie,7.1,125,1977,"Action, Adventure, Thriller",98808,1977-07-07,Lewis Gilbert
tt0076759,10,2016-10-13,Star Wars,https://www.imdb.com/title/tt0076759/,movie,8.6,121,1977,"Action, Adventure, Fantasy, Sci-Fi",1230690,1977-05-25,George Lucas
tt0078748,9,2017-03-02,Alien,https://www.imdb.com/title/tt0078748/,movie,8.4,117,1979,"Horror, Sci-Fi",787307,1979-05-25,Ridley Scott
tt0078788,10,2016-10-13,Apocalypse Now,https://www.imdb.com/title/tt0078788/,movie,8.4,147,1979,"Drama, Mystery, War",605956,1979-05-19,Francis Ford Coppola
tt0079470,9,2018-08-11,Life of Brian,https://www.imdb.com/title/tt0079470/,movie,8.1,94,1979,Comedy,367031,1979-08-17,Terry Jones
tt7975244,7,2020-02-23,Jumanji: The Next Level,https://www.imdb.com/title/tt7975244/,movie,6.7,123,2019,"Action, Adventure, Comedy, Fantasy",187511,2019-12-04,Jake Kasdan
tt0079833,9,2019-08-21,Rupan sansei: Kariosutoro no shiro,https://www.imdb.com/title/tt0079833/,movie,7.7,100,1979,"Animation, Adventure, Family, Fantasy",26975,1979-12-15,Hayao Miyazaki
tt0800369,5,2017-11-02,Thor,https://www.imdb.com/title/tt0800369/,movie,7.0,115,2011,"Action, Adventure, Fantasy",746541,2011-04-17,Kenneth Branagh
tt0805564,8,2017-11-02,Lars and the Real Girl,https://www.imdb.com/title/tt0805564/,movie,7.3,106,2007,"Comedy, Drama, Romance",137995,2007-09-16,Craig Gillespie
tt0080684,7,2016-10-13,Star Wars: Episode V - The Empire Strikes Back,https://www.imdb.com/title/tt0080684/,movie,8.7,124,1980,"Action, Adventure, Fantasy, Sci-Fi",1158569,1980-05-17,Irvin Kershner
tt0081505,9,2017-03-02,The Shining,https://www.imdb.com/title/tt0081505/,movie,8.4,146,1980,"Drama, Horror",897535,1980-05-23,Stanley Kubrick
tt0816692,3,2016-10-13,Interstellar,https://www.imdb.com/title/tt0816692/,movie,8.6,169,2014,"Adventure, Drama, Sci-Fi",1510799,2014-10-26,Christopher Nolan
tt8206668,8,2020-05-22,Bad Education,https://www.imdb.com/title/tt8206668/,movie,7.1,108,2019,"Biography, Comedy, Crime, Drama",31265,2019-09-08,Cory Finley
tt0082096,10,2017-03-02,Das Boot,https://www.imdb.com/title/tt0082096/,movie,8.3,149,1981,"Adventure, Drama, Thriller, War",231672,1981-09-17,Wolfgang Petersen
tt0082971,7,2016-10-13,Raiders of the Lost Ark,https://www.imdb.com/title/tt0082971/,movie,8.4,115,1981,"Action, Adventure",883600,1981-06-12,Steven Spielberg
tt0083658,10,2017-03-02,Blade Runner,https://www.imdb.com/title/tt0083658/,movie,8.1,117,1982,"Action, Sci-Fi, Thriller",693399,1982-06-25,Ridley Scott
tt0085039,8,2020-06-13,Jonssons onsdag,https://www.imdb.com/title/tt0085039/,tvMiniSeries,7.1,15,1983,Comedy,29,1983-03-02,
tt0086190,7,2017-03-02,Star Wars: Episode VI - Return of the Jedi,https://www.imdb.com/title/tt0086190/,movie,8.3,131,1983,"Action, Adventure, Fantasy, Sci-Fi",949897,1983-05-25,Richard Marquand
tt0086879,9,2017-03-02,Amadeus,https://www.imdb.com/title/tt0086879/,movie,8.3,160,1984,"Biography, Drama, History, Music",368783,1984-09-06,Milos Forman
tt0087544,8,2017-03-02,Kaze no tani no Naushika,https://www.imdb.com/title/tt0087544/,movie,8.1,117,1984,"Animation, Adventure, Fantasy, Sci-Fi",150741,1984-03-11,Hayao Miyazaki
tt0876563,10,2020-07-05,Gake no ue no Ponyo,https://www.imdb.com/title/tt0876563/,movie,7.7,101,2008,"Animation, Adventure, Comedy, Family, Fantasy",125158,2008-07-19,Hayao Miyazaki
tt0877057,9,2021-01-09,Death Note: Desu nôto,https://www.imdb.com/title/tt0877057/,tvSeries,9.0,24,2006,"Animation, Crime, Drama, Fantasy, Mystery, Thriller",234822,2006-10-03,
tt0878804,8,2017-03-19,The Blind Side,https://www.imdb.com/title/tt0878804/,movie,7.6,129,2009,"Biography, Drama, Sport",293014,2009-11-17,John Lee Hancock
tt0088247,8,2016-10-16,The Terminator,https://www.imdb.com/title/tt0088247/,movie,8.0,107,1984,"Action, Sci-Fi",799496,1984-10-26,James Cameron
tt0088323,8,2017-10-07,Die unendliche Geschichte,https://www.imdb.com/title/tt0088323/,movie,7.4,102,1984,"Adventure, Drama, Family, Fantasy",132246,1984-04-06,Wolfgang Petersen
tt0088763,10,2016-10-13,Back to the Future,https://www.imdb.com/title/tt0088763/,movie,8.5,116,1985,"Adventure, Comedy, Sci-Fi",1057291,1985-07-03,Robert Zemeckis
tt0903624,2,2016-10-11,The Hobbit: An Unexpected Journey,https://www.imdb.com/title/tt0903624/,movie,7.8,169,2012,"Adventure, Fantasy",757001,2012-11-28,Peter Jackson
tt0903747,10,2017-02-09,Breaking Bad,https://www.imdb.com/title/tt0903747/,tvSeries,9.5,49,2008,"Crime, Drama, Thriller",1455680,2008-01-20,
tt0090478,10,2020-05-22,Macken,https://www.imdb.com/title/tt0090478/,tvSeries,7.3,40,1986,"Comedy, Musical",1210,1986-08-23,
tt0090605,9,2019-04-14,Aliens,https://www.imdb.com/title/tt0090605/,movie,8.3,137,1986,"Action, Adventure, Sci-Fi, Thriller",652381,1986-07-14,James Cameron
tt0910970,8,2017-03-02,WALL·E,https://www.imdb.com/title/tt0910970/,movie,8.4,98,2008,"Animation, Adventure, Family, Sci-Fi",999108,2008-06-21,Andrew Stanton
tt0091369,7,2017-02-12,Labyrinth,https://www.imdb.com/title/tt0091369/,movie,7.4,101,1986,"Adventure, Family, Fantasy, Musical",124079,1986-06-27,Jim Henson
tt9243946,9,2019-11-12,El Camino: A Breaking Bad Movie,https://www.imdb.com/title/tt9243946/,movie,7.3,122,2019,"Action, Crime, Drama",183305,2019-10-07,Vince Gilligan
tt0093058,10,2017-03-02,Full Metal Jacket,https://www.imdb.com/title/tt0093058/,movie,8.3,116,1987,"Drama, War",674705,1987-06-17,Stanley Kubrick
tt0093773,8,2019-06-02,Predator,https://www.imdb.com/title/tt0093773/,movie,7.8,107,1987,"Action, Adventure, Sci-Fi, Thriller",371178,1987-06-12,John McTiernan
tt9398640,7,2019-11-17,Between Two Ferns: The Movie,https://www.imdb.com/title/tt9398640/,movie,6.1,82,2019,Comedy,26575,2019-09-20,Scott Aukerman
tt9426210,7,2020-03-08,Tenki no ko,https://www.imdb.com/title/tt9426210/,movie,7.5,112,2019,"Animation, Drama, Fantasy, Romance",21954,2019-01-15,Makoto Shinkai
tt0944947,7,2019-05-29,Game of Thrones,https://www.imdb.com/title/tt0944947/,tvSeries,9.3,57,2011,"Action, Adventure, Drama, Fantasy",1761747,2011-04-17,
tt0095016,9,2017-03-02,Die Hard,https://www.imdb.com/title/tt0095016/,movie,8.2,132,1988,"Action, Thriller",792751,1988-07-12,John McTiernan
tt0095327,10,2017-03-02,Hotaru no haka,https://www.imdb.com/title/tt0095327/,movie,8.5,89,1988,"Animation, Drama, War",234954,1988-04-16,Isao Takahata
tt0096283,10,2016-11-25,Tonari no Totoro,https://www.imdb.com/title/tt0096283/,movie,8.2,86,1988,"Animation, Family, Fantasy",290772,1988-04-16,Hayao Miyazaki
tt0096611,10,2021-01-09,En himla många program,https://www.imdb.com/title/tt0096611/,tvSeries,7.5,400,1989,"Comedy, Music",533,1989-12-07,
tt0096697,7,2021-01-09,The Simpsons,https://www.imdb.com/title/tt0096697/,tvSeries,8.7,22,1989,"Animation, Comedy",364617,1989-12-17,
tt0096874,9,2016-10-16,Back to the Future Part II,https://www.imdb.com/title/tt0096874/,movie,7.8,108,1989,"Adventure, Comedy, Sci-Fi",481656,1989-11-20,Robert Zemeckis
tt0097814,9,2018-08-21,Majo no takkyûbin,https://www.imdb.com/title/tt0097814/,movie,7.8,103,1989,"Animation, Adventure, Drama, Family, Fantasy",123996,1989-07-29,Hayao Miyazaki
tt0988824,4,2019-06-23,Naruto: Shippûden,https://www.imdb.com/title/tt0988824/,tvSeries,8.6,24,2007,"Animation, Action, Adventure, Comedy, Drama, Fantasy",82470,2007-02-15,
tt0098904,10,2018-01-02,Seinfeld,https://www.imdb.com/title/tt0098904/,tvSeries,8.8,22,1989,Comedy,254583,1989-07-05,
tt0099088,10,2016-10-21,Back to the Future Part III,https://www.imdb.com/title/tt0099088/,movie,7.4,118,1990,"Adventure, Comedy, Sci-Fi, Western",405692,1990-05-25,Robert Zemeckis
tt0993846,6,2017-03-02,The Wolf of Wall Street,https://www.imdb.com/title/tt0993846/,movie,8.2,180,2013,"Biography, Crime, Drama",1185769,2013-12-09,Martin Scorsese
tt0099685,10,2016-10-13,Goodfellas,https://www.imdb.com/title/tt0099685/,movie,8.7,146,1990,"Biography, Crime, Drama",1019840,1990-09-09,Martin Scorsese
